{
    "foreground_intensity_properties_per_channel": {
        "0": {
            "max": 7515.54541015625,
            "mean": 825.54052734375,
            "median": 683.4213256835938,
            "min": 0.0,
            "percentile_00_5": 74.0,
            "percentile_99_5": 3705.42138671875,
            "std": 711.3230590820312
        }
    },
    "median_relative_size_after_cropping": 0.84375,
    "shapes_after_crop": [
        [
            100,
            512,
            432
        ],
        [
            100,
            506,
            412
        ],
        [
            100,
            508,
            412
        ],
        [
            100,
            508,
            432
        ],
        [
            100,
            512,
            432
        ],
        [
            100,
            512,
            432
        ],
        [
            100,
            512,
            432
        ],
        [
            100,
            512,
            432
        ],
        [
            100,
            512,
            432
        ],
        [
            100,
            512,
            432
        ],
        [
            100,
            512,
            432
        ],
        [
            100,
            512,
            432
        ],
        [
            100,
            512,
            432
        ],
        [
            100,
            512,
            432
        ],
        [
            100,
            512,
            432
        ],
        [
            100,
            512,
            432
        ],
        [
            100,
            512,
            432
        ],
        [
            100,
            508,
            432
        ],
        [
            100,
            505,
            429
        ],
        [
            100,
            508,
            432
        ],
        [
            100,
            512,
            432
        ],
        [
            100,
            512,
            432
        ],
        [
            100,
            512,
            432
        ],
        [
            100,
            512,
            432
        ],
        [
            100,
            505,
            432
        ],
        [
            100,
            512,
            432
        ],
        [
            100,
            506,
            432
        ],
        [
            100,
            507,
            432
        ],
        [
            100,
            512,
            432
        ],
        [
            100,
            512,
            432
        ],
        [
            100,
            506,
            430
        ],
        [
            100,
            509,
            429
        ],
        [
            100,
            512,
            432
        ],
        [
            100,
            508,
            432
        ],
        [
            100,
            512,
            432
        ],
        [
            100,
            512,
            432
        ],
        [
            100,
            512,
            432
        ],
        [
            100,
            512,
            432
        ],
        [
            100,
            512,
            432
        ],
        [
            100,
            506,
            432
        ],
        [
            100,
            512,
            432
        ],
        [
            100,
            512,
            432
        ],
        [
            100,
            512,
            432
        ],
        [
            100,
            512,
            432
        ],
        [
            100,
            512,
            432
        ],
        [
            100,
            512,
            432
        ],
        [
            100,
            512,
            432
        ],
        [
            100,
            512,
            432
        ],
        [
            100,
            505,
            430
        ],
        [
            100,
            512,
            432
        ],
        [
            100,
            512,
            432
        ],
        [
            100,
            512,
            432
        ],
        [
            100,
            512,
            432
        ],
        [
            100,
            512,
            432
        ],
        [
            100,
            512,
            432
        ],
        [
            100,
            506,
            432
        ],
        [
            100,
            507,
            432
        ],
        [
            100,
            508,
            430
        ],
        [
            100,
            509,
            432
        ],
        [
            100,
            509,
            432
        ],
        [
            100,
            512,
            432
        ],
        [
            100,
            512,
            432
        ],
        [
            100,
            507,
            432
        ],
        [
            100,
            507,
            431
        ],
        [
            100,
            512,
            432
        ],
        [
            100,
            512,
            432
        ],
        [
            100,
            512,
            432
        ],
        [
            100,
            512,
            432
        ],
        [
            100,
            512,
            432
        ],
        [
            100,
            512,
            432
        ],
        [
            100,
            512,
            432
        ],
        [
            100,
            512,
            432
        ],
        [
            100,
            512,
            432
        ],
        [
            100,
            512,
            432
        ],
        [
            100,
            512,
            432
        ],
        [
            100,
            506,
            432
        ],
        [
            100,
            506,
            432
        ],
        [
            100,
            507,
            431
        ],
        [
            100,
            512,
            432
        ],
        [
            100,
            506,
            432
        ],
        [
            100,
            507,
            432
        ],
        [
            100,
            512,
            432
        ],
        [
            100,
            510,
            432
        ],
        [
            100,
            512,
            432
        ],
        [
            100,
            507,
            432
        ],
        [
            100,
            508,
            432
        ],
        [
            100,
            508,
            432
        ],
        [
            100,
            512,
            432
        ],
        [
            100,
            512,
            432
        ],
        [
            100,
            512,
            432
        ],
        [
            100,
            507,
            432
        ],
        [
            100,
            506,
            431
        ],
        [
            100,
            504,
            432
        ],
        [
            100,
            506,
            432
        ],
        [
            100,
            504,
            432
        ],
        [
            100,
            507,
            432
        ],
        [
            100,
            508,
            431
        ],
        [
            100,
            504,
            432
        ],
        [
            100,
            505,
            432
        ],
        [
            100,
